url,label
https://www.google.com,0
https://www.microsoft.com,0
https://www.amazon.com,0
https://www.apple.com,0
https://www.wikipedia.org,0
https://www.github.com,0
https://www.linkedin.com,0
https://www.youtube.com,0
https://www.instagram.com,0
https://www.python.org,0
http://secure-login-verify.com,1
http://account-confirmation-security.com,1
http://paypal-login-verification.com,1
http://bank-account-verify.com,1
http://update-password-security.com,1
http://login-alert-confirm.com,1
http://verify-user-account.com,1
http://secure-payment-check.com,1
http://free-gift-login.com,1
http://account-security-update.com,1